std_id,app_name,ip_address,class_size,emp_first_name
"Social Science",Mulhall,Dorice,dmulhallm@samsung.com,78,Robust,Devpoint,Langston,Briatt
Physics,Fair,Leicester,lfair7@msn.com,38,approach,Centimia,Rey,Lean
Physics,Peer,Devon,dpeer9@geocities.jp,38,interface,Topicware,Wolfie,Sleightholm
Science,Belleny,Philly,pbelleny0@friendfeed.com,50,Innovative,Gevee,Karyl,Fri
Algebra,Gisborne,Jilli,jgisbornej@wordpress.com,32,interface,Jayo,Amaleta,"Le Grys"
Chemistry,Cobelli,Leena,lcobelli8@hao123.com,96,coherent,Mycat,Wolfie,Sleightholm
Algebra,Gallard,Marice,mgallarda@jigsy.com,31,"Graphic Interface",Snaptags,Sky,Donnellan
Science,Kennefick,Weylin,wkennefick3@cocolog-nifty.com,100,intangible,Tavu,Lilli,Fetters
Physics,Denzilow,Clarissa,cdenzilow1@nyu.edu,38,time-frame,Oyondu,Forester,Atwill
"Social Science",Fair,Leicester,lfair7@msn.com,73,encoding,Photospace,Sky,Donnellan
Chemistry,Wiffield,Keefer,kwiffieldg@virginia.edu,65,responsive,BlogXS,Waiter,Whittle
English,Lancley,Binni,blancleyi@home.pl,38,Fully-configurable,Realbridge,Rey,Lean
Chemistry,Wiffield,Keefer,kwiffieldg@virginia.edu,96,concept,Zazio,Tanney,"La Croce"
Math,Gisborne,Jilli,jgisbornej@wordpress.com,86,"secured line",Wikizz,Karisa,Beacroft
Physics,Genery,Anallese,ageneryc@wisc.edu,38,value-added,Kimia,Emelyne,Sholem
